{
  "version": 1,
  "description": "Default skill configuration for LobsterAI",
  "defaults": {
    "docx": { "order": 10, "enabled": true },
    "web-search": { "order": 15, "enabled": true },
    "xlsx": { "order": 20, "enabled": true },
    "pptx": { "order": 30, "enabled": true },
    "pdf": { "order": 40, "enabled": true },
    "scheduled-task": { "order": 45, "enabled": true },
    "remotion": { "order": 50, "enabled": true },
    "develop-web-game": { "order": 60, "enabled": true },
    "playwright": { "order": 70, "enabled": true },
    "create-plan": { "order": 80, "enabled": true },
    "canvas-design": { "order": 90, "enabled": true },
    "frontend-design": { "order": 100, "enabled": true },
    "local-tools": { "order": 200, "enabled": true },
    "weather": { "order": 210, "enabled": true },
    "skill-creator": { "order": 300, "enabled": true }
  }
}
